3561576,Other
3561617,Other
3561678,Bowdoin Log
3561679,Other
3561684,Bowdoin Log
3561693,Bowdoin Log
3562099,Bowdoin Log
3562100,Other
3562101,Other
3562102,Bowdoin Log
3562103,Other
3562104,Bowdoin Log
3562105,Other
3562106,Other
3562107,Bowdoin Log
3562108,Other
3562109,Bowdoin Log
3562110,Other
3562111,Other
3562112,Bowdoin Log
3562113,Other
3562114,Bowdoin Log
3562115,Bowdoin Log
3562116,Bowdoin Log
3562117,Other
3562118,Other
3562119,Bowdoin Log
3562120,Other
3562121,Bowdoin Log
3562122,Bowdoin Log
3562123,Bowdoin Log
3562124,Other
3562125,Other
3562126,Bowdoin Log
3562127,Other
3562128,Bowdoin Log
3562129,Bowdoin Log
3562130,Bowdoin Log
3562131,Other
3562132,Other
3562133,Bowdoin Log
3562134,Other
3562135,Bowdoin Log
3562136,Bowdoin Log
3562137,Bowdoin Log
3562138,Other
3562139,Other
3562140,Bowdoin Log
3562141,Other
3562142,Bowdoin Log
3562143,Bowdoin Log
3562144,Bowdoin Log
3562145,Other
3562146,Bowdoin Log
3562147,Bowdoin Log
3562148,Bowdoin Log
3562149,Other
3562150,Other
3562151,Bowdoin Log
3562152,Other
3562153,Bowdoin Log
3562154,Other
3562155,Other
3562156,Bowdoin Log
3562157,Other
3562158,Bowdoin Log
3562159,Bowdoin Log
3562160,Bowdoin Log
3562161,Other
3562162,Other
3562163,Bowdoin Log
3562164,Other
3562165,Bowdoin Log
3562166,Bowdoin Log
3562167,Bowdoin Log
3562168,Bowdoin Log
3562169,Bowdoin Log
3562170,Other
3562171,Other
3562172,Bowdoin Log
3562173,Other
3562174,Bowdoin Log
3562175,Bowdoin Log
3562176,Bowdoin Log
3562177,Bowdoin Log
3562178,Bowdoin Log
3562179,Other
3562180,Bowdoin Log
3562181,Bowdoin Log
3562182,Bowdoin Log
3562183,Other
3562184,Other
3562185,Bowdoin Log
3562186,Other
3562187,Bowdoin Log
3562188,Bowdoin Log
3562189,Bowdoin Log
3562190,Other
3562191,Other
3562192,Other
3562193,Bowdoin Log
3562194,Other
3562195,Bowdoin Log
3562196,Bowdoin Log
3562197,Other
3562198,Other
3562199,Bowdoin Log
3562200,Other
3562201,Bowdoin Log
3562202,Bowdoin Log
3562203,Bowdoin Log
